Filename,Predicted Class,Confidence Score
ee544d980b5e.png,2,0.94504136
0d1610cda7fc.png,2,0.48308453
71eba9a97184.png,2,0.88725317
61cd9c25c7d3.png,2,0.5493448
63826c56eeac.png,2,0.8541615
d5f7be34df0d.png,2,0.6453497
d0ee299b99ca.png,2,0.64323187
354a0e7a60e2.png,2,0.8403254
8cbefbaed16e.png,2,0.9064528
74350fe494ba.png,2,0.74856275
d91d32018e74.png,0,0.8797014
b9ee6ecab720.png,3,0.50671154
0edc0c33e929.png,0,0.6256752
2a18955eeb41.png,2,0.6785867
0c39fa1f2cfa.png,2,0.9038239
a6533f3144ba.png,0,0.9892777
c370a38c855e.png,2,0.57253724
2c76697bd479.png,0,0.84885097
29cdebe47a49.png,2,0.49139035
5110fe0bf9cb.png,2,0.44602334
9efba19d237c.png,2,0.826039
cefdb6b7fda2.png,2,0.58020794
a7699068be9a.png,0,0.95005417
5ebc9dbbe79d.png,0,0.9786725
e506ac43ed7d.png,0,0.85044324
87487c4c4ddc.png,2,0.9789036
e0d46318b156.png,2,0.6625176
d31da0ad1639.png,2,0.7123271
b27b5b53e383.png,2,0.89947593
1f244c85e046.png,0,0.9398711
2ce3c3451e86.png,2,0.83394194
dde91361002c.png,4,0.55937886
98c3ff1b4001.png,2,0.7864773
659f752cb810.png,2,0.84519434
41484b672eb5.png,2,0.87077993
61ff3873c036.png,2,0.8876283
d557cff45218.png,2,0.87082064
332770e3dd42.png,2,0.8323874
a8df9599a564.png,2,0.620829
de2bfc6ae8dc.png,0,0.9878734
11f10a8be429.png,0,0.9985235
584dab56f2c5.png,0,0.57874274
c69386aeafd3.png,0,0.8550367
3b9ee705c750.png,0,0.9473617
724afd41a9fa.png,2,0.5070416
08cfae721bd8.png,0,0.7568546
e7c6e71e699a.png,2,0.5031542
600afae2d4e9.png,0,0.9366316
59738e82c527.png,2,0.86341214
5ad469f293f7.png,0,0.4290322
c03c647fde23.png,0,0.8613114
4bf29bca6018.png,1,0.6493928
07d8d154e752.png,2,0.5936602
7e5b5318671f.png,2,0.7486884
c723c0765065.png,2,0.93948066
53be22c72713.png,2,0.8950882
9cd7e434aa47.png,1,0.48177257
6ed92d0b2f78.png,2,0.9295767
990c506d8de0.png,2,0.8229357
ad4c27a10804.png,0,0.98301345
62d9da36bd9e.png,2,0.7772701
8a2b969112a7.png,2,0.64526993
85601f22d90d.png,0,0.41162926
29cb3c00c82e.png,2,0.6199514
13a444b80681.png,0,0.5431905
b5d91947038f.png,2,0.57335794
2cea0d33d7a2.png,2,0.89109457
881ab102a44e.png,2,0.48792434
cc95391f2576.png,0,0.6319771
1784c33b4f27.png,2,0.4176847
5022c0563335.png,2,0.77992314
557be0cf8e49.png,2,0.7505623
c1f4bc49a4c5.png,3,0.43270028
636997a49fcb.png,0,0.6501358
5ab9e78b45ef.png,2,0.615079
4a51e72940f2.png,2,0.7194739
c346339ff00f.png,2,0.56352043
2245678ba096.png,2,0.8013587
e5987d9e2a11.png,2,0.5305286
4b62fc358248.png,2,0.7904795
7d15cfc7fc45.png,2,0.86954933
0111b949947e.png,0,0.97823966
7b17a0d85204.png,2,0.48052618
17bed9f69d84.png,2,0.828985
b26d1ec8c81a.png,2,0.9306832
e57ddcade9b2.png,2,0.9251349
fd7cc592106e.png,2,0.86366767
63f3c188ccb6.png,2,0.52256924
6e19f08344ed.png,2,0.879761
5dc52ff46300.png,2,0.89945036
d29d5d08e8af.png,1,0.7756543
4d32f2284293.png,2,0.8789147
228769e96741.png,0,0.68250823
006efc72b638.png,2,0.77241683
2a153b1c0d2e.png,2,0.9495466
ea8e9a3144e0.png,2,0.67633355
ad893b080457.png,0,0.9039675
85ceca982305.png,2,0.8204967
a6940316fe47.png,2,0.76265585
c9cac69b9ee0.png,2,0.8355911
af9d45e2f834.png,2,0.7010466
d07f7b3453ac.png,2,0.96397924
5add6f0b6b82.png,2,0.8955813
23c5eba92749.png,2,0.8888713
0904fcd03369.png,2,0.7460218
760f9f1cf5c2.png,0,0.9968624
3bbea0616bdc.png,2,0.5503291
c04f7d5ac56e.png,0,0.9999325
bc2a4b1c45b0.png,3,0.6900883
6466e474e048.png,2,0.95750713
ddc65711db04.png,1,0.4202529
1fb4db8834df.png,0,0.9984126
6ed9e38a4239.png,2,0.59308535
45f34a152021.png,2,0.81481814
fd8e6b0b2e45.png,0,0.95418215
b48785a5f763.png,2,0.576916
f576e224de55.png,2,0.8686392
dd525bbb2ca3.png,0,0.9993863
0bfa8ea173d6.png,1,0.68227684
71d124893573.png,2,0.48806608
898232c36d81.png,2,0.5074418
66304c1099a0.png,2,0.74694055
7d67e38d7ba6.png,1,0.43806374
2936da8f3f2a.png,0,0.95481026
f543269b7905.png,1,0.67341
119c13369239.png,2,0.76184255
4e545daf0236.png,1,0.5976753
1282d33e6fbc.png,2,0.542315
62917dbb7858.png,0,0.9685239
4e609a790d75.png,2,0.7853494
7c1d86c79903.png,2,0.85104096
46c9512ebcd1.png,2,0.9321263
219828b94b41.png,0,0.9604856
a07855461605.png,0,0.79167736
8208638fc7cf.png,2,0.56053644
4fbaf91d94fe.png,0,0.8694119
872d2097a7ad.png,2,0.7443035
7754a10b07ae.png,2,0.6075143
95485b752436.png,0,0.9963367
c623cd3dfc93.png,2,0.59977883
2ec041fd9a0c.png,4,0.5880831
9ec84fe4292a.png,0,0.5864611
8f4ffa0d4f74.png,4,0.5787355
01c5ba195207.png,2,0.8144913
4b4c0a15473c.png,0,0.7238964
167d9edb5cc1.png,1,0.48332086
78747a58eabc.png,0,0.9388206
0df488d86631.png,2,0.51289517
4d80c835d862.png,0,0.9036943
2f346c794823.png,4,0.74661654
63f6b0fe5bbf.png,2,0.8488749
8cfe2de3e7f4.png,2,0.6647407
84eff2a86662.png,2,0.48102462
e26bf4a0165f.png,2,0.7254981
5172c056a687.png,2,0.7383913
51de5fb8eccd.png,4,0.3881552
d99a7151297d.png,2,0.9108898
0ba16f32500e.png,0,0.66127044
39b6a6761d64.png,2,0.77803975
7a9b50cd9a1c.png,2,0.58021957
9266068354b4.png,0,0.99998915
ba1c620284fa.png,0,0.9808794
069ebdb1023d.png,2,0.79134774
f32bdf2a84ec.png,0,0.9554373
80aa9b30d2f9.png,2,0.8958524
4ca4c2b18a48.png,2,0.4851431
fcbc1f4b5342.png,2,0.9461516
652a1edabdb7.png,0,0.6093503
9295bc2a4c7a.png,2,0.80501676
0f23c3028206.png,0,0.99983853
e2300fd74ccc.png,2,0.7446791
d5641bbb70f4.png,0,0.85176027
e752f13c725c.png,0,0.8803603
7f3d521363ab.png,3,0.47135273
33712f0c55f1.png,0,0.82523483
0aebb1b2aef1.png,2,0.823181
c03b523cfb2d.png,0,0.9976351
40ea59a0228b.png,2,0.565958
fc3935afc788.png,2,0.85688806
ab51d81bb302.png,2,0.77562904
58d6d0115c72.png,2,0.8770008
56ad22ef1012.png,0,0.89291745
9031d62a6efb.png,2,0.80141234
8930d35c9076.png,2,0.91157794
3fdbdbc04be6.png,2,0.8477562
abd992633744.png,2,0.8896333
805103f04fd6.png,2,0.72008175
f41ef796cc0d.png,2,0.38930455
77978316c53a.png,2,0.4358217
3738406eb0f4.png,2,0.87886745
82eecce4cb86.png,0,0.93372244
0fb78ccb86f8.png,2,0.79441786
246efa653ba4.png,0,0.98925424
15a5df617fb1.png,0,0.9975635
c537a3ca84b1.png,0,0.9519497
5de19dac4ac3.png,0,0.948562
cee9079c5c8c.png,1,0.5032104
ad7675128e0c.png,1,0.4324129
e12714617669.png,2,0.7289433
469dd4c920c0.png,0,0.44225153
4dcc7b517c26.png,2,0.84120005
5d3f125976eb.png,2,0.55873775
a87e705d63ee.png,0,0.98790956
ad25a4f5beba.png,2,0.71166414
44477c53f3d9.png,2,0.88061726
90c98069e6f1.png,2,0.86084455
b9a598e33aa9.png,0,0.99947935
d7251d24ad17.png,0,0.8186091
643ff5d1f90f.png,1,0.54886943
981115ef58ed.png,2,0.91658103
ca2521ce3704.png,2,0.7728128
4824f100624c.png,2,0.8598932
dcc69ebb6b75.png,2,0.5910863
ce79b62b49f7.png,2,0.69615096
eba177d4e30e.png,2,0.9518869
a678c7bdd312.png,0,0.99500656
1e15a8fa476f.png,2,0.869292
2c8d36e41efb.png,0,0.9541758
6938b334d93b.png,2,0.74634665
8b840ed255d8.png,2,0.75464183
acd52452b9a2.png,2,0.9027028
31ff4e7d7d09.png,2,0.7650117
627997ab6ba3.png,2,0.83065814
ee98121d0c5a.png,4,0.7955447
3503d1413125.png,0,0.5002481
caf8c68b4b7f.png,2,0.7885863
2917c28c46d5.png,2,0.7789229
1822b6c60784.png,2,0.8009924
f0fe049d478b.png,2,0.5565263
430613d6ba11.png,2,0.8176162
d60e1e5c5c0f.png,2,0.58156395
133f96f06473.png,2,0.7069223
4def7bc721a9.png,2,0.7850524
f526c7a16749.png,0,0.39546707
20456efc42ad.png,2,0.90387905
1466c7e5936e.png,2,0.8888713
d9c9e94df371.png,0,0.9481867
8ae672ef2f60.png,4,0.6600686
51fa42dc1415.png,0,0.9921764
06cdd3f3f262.png,0,0.9548366
8d955a3d9286.png,1,0.5971446
0f1613975335.png,0,0.8048147
cbde1c64f27e.png,2,0.7566963
bbc58fd26e9d.png,2,0.50565016
371a90136a15.png,2,0.77656496
033cdbbbdfaa.png,2,0.9561073
b081fecd7600.png,2,0.5615803
f54b2ebf7f43.png,2,0.93671745
04a0773c71fb.png,2,0.8629114
83bd9d017f84.png,2,0.61355215
f7dd2700a3d5.png,0,0.90017366
1620fa014ccb.png,1,0.5442852
8a177340ac5a.png,2,0.4446081
95838f27bb23.png,3,0.40270334
6e48f854f7e6.png,2,0.43171328
7f9c86406c62.png,0,0.9768878
49a91567632e.png,2,0.9252516
cdfa6bafa14b.png,2,0.7830471
3f007a2060c0.png,2,0.77510506
e97517f83449.png,1,0.55663353
c1a060f49e24.png,2,0.8498333
096d6bb6546b.png,2,0.71050406
4a6795dc22f9.png,2,0.6964642
e229725ddccd.png,0,0.9238588
9db8a8b68de9.png,2,0.90562755
9f3457c79515.png,2,0.9609623
96261748266e.png,1,0.48836723
59e7f9e69044.png,2,0.70017034
f44fd938c664.png,2,0.8589506
bf441174ad79.png,2,0.4994732
9b325a96f41a.png,4,0.4514609
417d3908ee21.png,2,0.74971753
c39d7fde814c.png,1,0.5059262
3f5420546cba.png,0,0.9635029
56ef3b79e31f.png,2,0.8358781
a2183cf3a237.png,0,0.99993587
22daab4f0786.png,2,0.9148173
daa2d1d05f49.png,1,0.43248123
2109169f580e.png,0,0.77920264
91b81018ff9d.png,2,0.6526121
0e86fbc6cb8b.png,2,0.45890126
6f43a3d1ed0a.png,0,0.953325
5bd9e507ed71.png,2,0.8427318
b9896cdaa409.png,2,0.46325305
8fcc91d6e28f.png,0,0.7315339
4c49594c40c9.png,4,0.78060627
d7532b579b2b.png,2,0.5557468
4f985a7320d9.png,0,0.97614497
783b3787c36d.png,2,0.7069393
f5aa838e2ffc.png,0,0.9696269
8927a914c9c8.png,0,0.9891043
f237bd2d4189.png,0,0.98961335
c1ddef7c2411.png,2,0.68404615
a4105f653783.png,2,0.49918228
1719183e95b6.png,1,0.6995396
29003528aadc.png,0,0.8484607
d50c55a3c762.png,2,0.93445635
25217ad0dfae.png,2,0.76179177
ff64897ac0d8.png,2,0.8529686
948c75fbe02f.png,4,0.51400787
0ccfca342907.png,2,0.6263379
e4c643b8c321.png,2,0.6220008
19f165a25974.png,2,0.70008147
8e4cf64ec035.png,2,0.50319934
70f660f46630.png,2,0.53925115
24206453d834.png,0,0.76014674
fbe36fdd76be.png,2,0.61300105
a15d713a7782.png,2,0.9237341
3040ae4067b0.png,2,0.876671
5544449ac18d.png,0,0.96067214
1326dad5651f.png,0,0.9997487
bc9d8ac89c82.png,0,0.9954817
de491c9a3896.png,2,0.82762474
3cc1ca3e086b.png,0,0.76931816
206c526761e4.png,2,0.6942526
967b01064b9c.png,2,0.80792266
437fa52cb1cb.png,2,0.54179156
130887394f97.png,2,0.7222973
5b931245433c.png,2,0.829408
8d892f6b5976.png,0,0.8147554
263dde841c5e.png,2,0.6768968
77283954f311.png,2,0.71171737
cac200729b8c.png,2,0.74833274
938a59f04582.png,2,0.9389876
63dd40d7439b.png,1,0.63811874
afe657fa2f7d.png,2,0.76560074
5a6a2c8cdd35.png,2,0.700926
2818509e0fb4.png,0,0.9996897
fc66648f758e.png,0,0.704052
77f1ffe777b7.png,2,0.8529046
c883b941e7d7.png,0,0.9925693
ae39a208b180.png,0,0.38279697
d1edebb87566.png,2,0.82502234
b0ac3ccbfb36.png,2,0.80190927
85105e9ab635.png,0,0.9985655
d0defe792d44.png,0,0.9768244
515675001b9e.png,2,0.93784
96c3445bf5cd.png,0,0.93566096
4d00167f2d05.png,2,0.5712327
8944ffa47333.png,2,0.84381264
391b1802dfb5.png,2,0.67873406
c0f949e900cc.png,1,0.56723046
755615db51d3.png,2,0.8173762
163a8bffdc88.png,0,0.999887
f15d74f144a9.png,2,0.5627826
b92c3f9c4f1a.png,2,0.67603976
d3e10a38cefb.png,2,0.8479565
153a1a1157d8.png,4,0.36850327
6e239ecaad8d.png,0,0.47895703
343b1abb81a0.png,2,0.88402486
7454c19acf81.png,1,0.5550457
f45ceb654c4d.png,2,0.62548476
8c45490f701a.png,2,0.79032296
381be90b1dc0.png,1,0.6147912
e002ce3cfe09.png,1,0.7630198
d13d82ddc158.png,2,0.90959346
146edf3ba156.png,0,0.9999919
1f2018b62574.png,2,0.9410389
c61d374afa32.png,0,0.9963042
8dd1c698ae62.png,0,0.9997635
7f0920d6072e.png,2,0.32409078
b1fe958f25d1.png,0,0.9973215
f7f8dd6cd6bd.png,0,0.97656447
2b62b5a21668.png,2,0.8424061
afe3ed0f5671.png,2,0.9549916
ac601d2e714d.png,0,0.7337291
29749f55270d.png,2,0.60700905
7898c981032a.png,2,0.6823627
ed59b7d44223.png,2,0.8662126
be99a17d1158.png,2,0.7211216
a512464b26bf.png,2,0.78752625
ccb7656b082f.png,2,0.9041964
c3e13501e198.png,2,0.8500121
bc0a50485c85.png,2,0.7977993
d28249710414.png,3,0.7704844
e5ace8dc0bad.png,2,0.63815975
af12ccf257d3.png,1,0.3708805
024d0a225db1.png,2,0.8276803
a203f9f5c288.png,2,0.6067934
2665a122e8a2.png,0,0.9451849
95753b394d4c.png,0,0.99190134
b78412d404fc.png,2,0.71183836
8943b2b8c8ea.png,2,0.87828904
be640164686b.png,2,0.682337
3dfe134d5d1c.png,2,0.85098463
d1d1999d1d64.png,0,0.8765564
43e0368e857b.png,0,0.69895035
b8e0fb561c0c.png,2,0.8705609
6e56361bbd36.png,2,0.76125175
0fd68a854aa1.png,0,0.8964121
03be80919be4.png,2,0.83656496
b75dedf39e2a.png,2,0.76587355
6ef23497ea54.png,3,0.49775118
020921b796d5.png,1,0.54675347
c829f6b37ac3.png,0,0.9573936
37e7e09c2d93.png,2,0.7974157
0b121d798018.png,2,0.88844514
e44c5eb9cbf3.png,0,0.9027238
75b6ffa63525.png,0,0.9856303
9baaa9117adb.png,2,0.83017063
9003ab48ebb8.png,2,0.70246994
7d593a4da56f.png,1,0.74116755
74342f5181a9.png,2,0.69509494
b0b0d564e6c6.png,1,0.33716047
7d7cbd5ee1b3.png,2,0.7577081
b4f43e48009a.png,0,0.80680084
5598165adbff.png,2,0.6348013
cf62a20429e5.png,3,0.48290443
42a25af5ad7e.png,0,0.709844
42bef0737ac1.png,0,0.9987977
352fe3e5b3fe.png,2,0.7890809
c8e05928ba0f.png,2,0.54733115
aad8225d1252.png,2,0.94457334
6ea2fc471536.png,0,0.8782906
e2d902dccbac.png,2,0.8987262
27c3c04811b6.png,2,0.73304653
5ea81ad2e8f2.png,2,0.74917483
f218a44247b1.png,2,0.73826617
4247b91698fc.png,2,0.78918093
8750b8bfe28a.png,2,0.65874624
a6e5dd321ae4.png,0,0.9867353
496039c25f39.png,2,0.7737692
be6eaf53228f.png,0,0.9130488
74df1775ee07.png,2,0.90897775
0749255f718d.png,2,0.6424634
99b5603c3ddd.png,2,0.46540314
2f31f6d5f7b2.png,2,0.9308196
4bf97a2f0398.png,2,0.6710024
cb484b214c95.png,2,0.88050807
f5b4f7bc69e7.png,0,0.84923667
987f80393a5a.png,0,0.9999342
fcd166e6e4b5.png,2,0.7729369
3c6bee77688a.png,2,0.8980632
3873e0266b94.png,0,0.6188826
cb00fbc43f3a.png,3,0.6170968
7eb119b81d16.png,2,0.81861633
01c31b10ab99.png,1,0.4732703
42442bd02e81.png,0,0.9766708
d8ebfa3568ac.png,1,0.5633761
9f2317a63b63.png,3,0.48117715
8aba1a000d36.png,0,0.9931681
c59e7e8eeeb5.png,0,0.47038394
fc67df1e574e.png,0,0.99926114
c71728f9535b.png,2,0.811216
251f4323b63d.png,2,0.63882595
99b0bee3bca7.png,2,0.8737933
446edc2b054f.png,2,0.83135575
d1873f49e545.png,2,0.64708906
48b280688d0d.png,2,0.9078014
f36969f69b4f.png,2,0.52343094
93c1af8b625c.png,2,0.69714695
3099467aeef2.png,2,0.6321969
28cba3df4fa9.png,1,0.6815065
1a495e43fc7d.png,4,0.37975866
5276ab33b7b0.png,2,0.4944721
cf00f7ff4409.png,2,0.4620807
e976cf76fe42.png,2,0.94856846
4fb39a052f74.png,0,0.99580926
18f09deddab7.png,2,0.8046272
4ae1cf32388b.png,2,0.8493847
d4266ee268a8.png,2,0.4383011
5450ee92dfc6.png,0,0.9176357
bde27560a3b8.png,2,0.8869772
c47fe8e08b85.png,1,0.50259966
6ae0afd18f89.png,2,0.36630338
c929f270bd89.png,0,0.9250754
1136833be435.png,0,0.48214433
6543b4168f98.png,2,0.55304503
52a353760f72.png,2,0.6597423
6833ab2550c9.png,2,0.90431833
c5ff8e81f094.png,2,0.9067549
6a54653ad12b.png,2,0.79730076
901028c2b54f.png,2,0.78360796
fc79feb5deed.png,0,0.8475886
4890c8e4f897.png,2,0.5251663
26b070e80ae3.png,2,0.8321167
587e6a83a90f.png,1,0.44006082
774cafde22b5.png,0,0.73547804
887b4413f87c.png,4,0.45932952
b3db392f5ee8.png,2,0.8627656
f96fecb16957.png,2,0.838852
98b46d9f4731.png,2,0.6115492
fe190d618acf.png,2,0.96442956
c2fa7e44f4bd.png,4,0.54733795
69b3f1028e99.png,2,0.53149945
eb2ca71ecf29.png,0,0.8554874
003f0afdcd15.png,2,0.938729
607f40adf8b1.png,2,0.6847782
2f042d9c1376.png,0,0.99431425
ba9dbc90fdf1.png,4,0.60325855
7635124f70f8.png,0,0.99993217
0fa8a299f431.png,3,0.49568748
a69162579d65.png,0,0.9127918
82a412dba6cd.png,2,0.8005931
57fa1bc682b6.png,2,0.5651777
5d97ebd575cd.png,2,0.9795368
132e1876157b.png,2,0.862453
9a514aa26e2f.png,2,0.77025175
f8f530fa573e.png,2,0.9153864
44c7a0b9820f.png,0,0.9216245
f72a18c76408.png,0,0.98446274
31e9b7060c33.png,2,0.88207114
dcee11470733.png,0,0.976808
0167076e7089.png,0,0.62811553
93b480980afb.png,2,0.8300029
7d747f8387a8.png,2,0.65144455
8afe0b63efa5.png,2,0.6097248
53959e0a750b.png,2,0.82469666
bfd3dcc96967.png,0,0.9417913
d8f6c660bf2d.png,2,0.79053336
99c6cf808e47.png,0,0.97258455
eab2934c55e1.png,2,0.81023276
5a8dbaf0e001.png,2,0.73140126
68823df37247.png,2,0.7052552
bb25b28d11c4.png,2,0.5697375
7715276d2551.png,0,0.93152165
a2c2dcbcc398.png,2,0.8651897
9a33293f90b5.png,2,0.7270352
03eaa4eef484.png,2,0.90553445
ec71f67e2cd1.png,2,0.7930021
6aecc3aa2de7.png,2,0.8905247
9156e3f3a878.png,2,0.80659163
0fb31b7aef5f.png,2,0.8406544
a131a9496b82.png,2,0.72944915
8d72498b9e30.png,2,0.9013502
edd6984490a2.png,0,0.998768
113971387d87.png,2,0.59474754
082fc6f323a1.png,2,0.72357297
4c4af41533e1.png,3,0.52533495
3fa9277a3780.png,2,0.50825906
490c7597892e.png,0,0.65483594
9c73a69a7911.png,2,0.7738947
eb470f336ee2.png,2,0.6861423
a2319c2af727.png,2,0.78918093
51f0bf8f1544.png,0,0.8853391
351aba543dc8.png,1,0.72062504
8b27d742f971.png,2,0.86179787
e6419843845a.png,2,0.69260585
791fbce04aa5.png,2,0.504983
25d98da73248.png,0,0.98831207
5953417e4750.png,2,0.81130546
298da7a521cb.png,2,0.89777917
b82e6271eaa5.png,2,0.76581746
079e029f3b2e.png,2,0.4673318
e04b4316c2a1.png,2,0.52890694
a444ca028295.png,2,0.8881011
a807402308f2.png,2,0.77656424
2e1c2cb1850e.png,2,0.66621494
c3214eb3f870.png,4,0.6261847
2630d7731c72.png,2,0.8193272
9ed194d1942c.png,2,0.734707
8b96e506768c.png,2,0.94775516
9a9091fd7806.png,2,0.8268406
91705661f6a8.png,3,0.5931468
76a1bc72e45f.png,2,0.9339796
c70ef770980e.png,0,0.6295315
127976eab419.png,2,0.8918051
e7f566b79edd.png,2,0.675485
2e6a99e1df80.png,2,0.6545189
43c7740f646a.png,0,0.5769337
4f903dd3f420.png,1,0.5696823
c849b220a7b6.png,2,0.88310975
26fa7ce480df.png,2,0.8405196
a93db82a21e1.png,2,0.5731285
c5b9a7917858.png,0,0.83255863
51169b298d9f.png,2,0.7170945
836b43b8c125.png,0,0.91069025
df1aa0e4fdc0.png,0,0.94773686
cbfc17046ade.png,2,0.65073514
a0c6e8c3c68f.png,0,0.96288645
daeec7b8e982.png,2,0.9480756
445fec0912db.png,2,0.59462947
b436e2bfeabe.png,2,0.7267005
5a311e3e8979.png,2,0.6773544
b62254c29af8.png,4,0.69453585
de8ce19274f7.png,3,0.5909668
3d2e3e4113cc.png,2,0.69302917
fef8e645d030.png,2,0.921919
c56f9d5ae96e.png,2,0.6650532
36d1ae1fcf8d.png,2,0.7879182
f756b1c4c52b.png,2,0.87288386
3bab7d408b23.png,0,0.75926554
6afb888c1c74.png,1,0.5099931
4d6333d41069.png,2,0.72277755
a0445b9d4930.png,2,0.87272006
74fbfe8eefd2.png,2,0.83149177
22de26199c44.png,0,0.6338058
720267b6630b.png,2,0.89196914
86fd5df366b2.png,2,0.69445217
2da814938e0a.png,2,0.55545825
c275d57d4cf9.png,2,0.9181987
c3e311d899ed.png,2,0.5850948
cba1fb3d80e0.png,2,0.45055762
e6834d55bf6b.png,2,0.85293645
7fe2cff51752.png,0,0.655808
8327efe946c2.png,2,0.8410802
a9bc8e153c30.png,0,0.94380283
06035cfbcc18.png,0,0.99036413
41672ba8bcb1.png,0,0.99993753
8f874a9724df.png,0,0.967983
062ed40f5272.png,0,0.9998991
929ae04a77a9.png,2,0.53318584
e44c7c93e116.png,2,0.7276097
b0d2c5ac27ed.png,2,0.9338386
e076c2fc95fe.png,2,0.69400984
174be0d1e02d.png,2,0.58323723
f7113d580492.png,0,0.91750705
16cfea326456.png,2,0.6721504
8142cc87ebb9.png,2,0.87807363
a8a268334c78.png,2,0.36614868
626fe00f5cf7.png,0,0.7067231
ec5b8792b1a2.png,1,0.6774155
e177610cf7a1.png,0,0.9995793
ce08ebfff762.png,0,0.80989486
881c69e5dcd8.png,1,0.5111562
c39399ebd841.png,3,0.5685632
5ad2ca6d422f.png,2,0.6918167
fd2d58c6cd45.png,2,0.71028703
d655d099f8d6.png,0,0.95048577
91fc4b2b8c1c.png,0,0.99263096
ab796d05745b.png,0,0.9216736
570982b0dbf2.png,0,0.8041451
f785337edf07.png,2,0.85383487
1d2354eba61d.png,0,0.5672475
b4f238551dfe.png,1,0.5638157
c85bc4a45f7c.png,2,0.7080402
c6d804a72e73.png,0,0.9965747
a00e9f3e46b3.png,2,0.83677596
8ca8da22d961.png,2,0.91408664
0c7e66a53ce3.png,2,0.4781022
43c1d80cd2b2.png,2,0.7002269
7ffecef49237.png,2,0.7291022
47b9790a76b3.png,2,0.8179826
2d6246da3909.png,2,0.7689634
91fb0a2a63fd.png,0,0.42341053
8eec629c3c8b.png,1,0.39359045
ce78805858b3.png,2,0.6823332
31f1684bfa1a.png,0,0.9991325
4947431500d5.png,2,0.4646098
d39d66f038ff.png,2,0.87809473
74c97e963ca4.png,2,0.9357466
c064277b8cc6.png,0,0.9634642
f9e7f614c91d.png,2,0.65997124
495b3b3cb438.png,2,0.5686461
281c50ee8d6f.png,4,0.5136929
5f158adf5bbc.png,0,0.9940433
93aa0b383db9.png,2,0.6588681
4d8cb0caa08a.png,2,0.52542824
c75940045da2.png,0,0.956314
1ca7ecbd29fc.png,0,0.8914779
a0ad897e6ef3.png,2,0.88745755
cdf3f1c8ec1d.png,2,0.5420363
d29354018b36.png,0,0.9899205
3da4e0e38f17.png,1,0.5582285
6f8a7b6b30c2.png,0,0.9947678
456b6a5827d4.png,2,0.86525124
7dfc3db13445.png,2,0.8754672
f893813ed0d4.png,3,0.44632238
1d5a1d9fe2cb.png,2,0.8384026
fc44a4ffaa45.png,2,0.52794886
e319bce1d9ad.png,2,0.9003805
ab49679c489a.png,2,0.92245346
a66d287411ee.png,2,0.6524698
896c75533897.png,2,0.56598866
0f8fc606e17c.png,2,0.7593062
da763f0c1a0f.png,2,0.91678375
6a1ee951c1d5.png,2,0.47945002
f898d3e8ed90.png,2,0.73767656
619ce2c77917.png,2,0.6960782
ee6e56f02740.png,2,0.5391657
23e7645e7e39.png,2,0.66346675
ce3ac82b2824.png,0,0.8876179
a252a97fbaec.png,0,0.7778837
b17545486692.png,3,0.44784614
f07ca35b523b.png,2,0.83984774
6263433f1991.png,2,0.46131724
2febce215663.png,0,0.98438203
e8d83190b171.png,2,0.9181367
d6bef5e72002.png,2,0.49762583
7c0748d6d669.png,2,0.6470792
6356f9dd9fdc.png,2,0.8036554
73b897339735.png,2,0.70508933
c66bf1a7d923.png,1,0.7212076
ccc3e15fa536.png,2,0.76959854
81a9391f7828.png,2,0.64862716
763bfd250520.png,2,0.8543293
09b5e952f996.png,2,0.620822
85035afa9b10.png,0,0.96612746
7a34808e1e70.png,0,0.9925001
2d49bf3d67db.png,2,0.86829513
99b6b8ecbcfa.png,0,0.8836096
7b03611c6d88.png,2,0.8299416
cccaeed0bc15.png,2,0.46010816
464ee4a542b0.png,2,0.85727066
5971c10c1465.png,1,0.5251547
a49b59299236.png,2,0.62453604
86c179395e2b.png,0,0.9495452
5a1dd8fa44e9.png,2,0.8089022
fc6c9d0efe53.png,0,0.45744303
065cb18bb0b2.png,2,0.64979213
2c739d725e5e.png,2,0.5801693
d64a07eb634d.png,2,0.7333456
3fd59954189f.png,0,0.5820463
460bc010f96a.png,2,0.8664826
ec8f3ec97245.png,2,0.8799575
be110f3aad85.png,0,0.81757134
be71e340dbaa.png,0,0.60388756
6a0f21edb0d8.png,2,0.5639724
5db5832b333b.png,4,0.50514466
3c2796e8e8ff.png,0,0.9918142
624ebaffb2ab.png,0,0.6248212
95e13f31b451.png,2,0.69816345
08dc27511636.png,0,0.89060795
9ae71f3f62d1.png,0,0.99978167
4defa0f6e0aa.png,0,0.5161108
c0b5445db374.png,2,0.8627432
b5dfdc8b2b87.png,0,0.996624
c320df3fe094.png,2,0.5898363
9f2539320e85.png,0,0.99239373
4db82094e4a4.png,2,0.85485643
8938eb4d9c63.png,0,0.97751397
ccb1ebb98403.png,2,0.80110437
e59c5a52ab4c.png,0,0.99881953
308924f570d7.png,2,0.758147
83c31eeeca0e.png,4,0.79532295
212fc55744e9.png,2,0.8034007
1c6139829ba9.png,0,0.98808146
7e1f51fbb458.png,0,0.78642
097614f1dcae.png,2,0.6753023
af1d9213ef42.png,2,0.5981581
933724df128e.png,0,0.95528644
87252c491c19.png,2,0.7899961
31a6e9b91de3.png,0,0.5532094
716b001ba7a4.png,2,0.9158546
597ab119ba6d.png,0,0.9946257
0cad3584e761.png,0,0.9092382
b501a5bdd0cc.png,2,0.8051971
6124e6a4ad00.png,1,0.5539062
de202d6ca406.png,2,0.7752092
e99e5a0b8755.png,2,0.92753583
2c931e49bc58.png,0,0.9602386
ab59dfa8dfa2.png,3,0.7416374
764b9b51cd9f.png,2,0.7728079
edae318f4942.png,1,0.6563976
23e9b7b14f2d.png,2,0.69491714
fbc502a64901.png,2,0.741263
4541683880a4.png,2,0.64292896
3a3b00bad960.png,0,0.86873734
13e28ec4534a.png,2,0.55304503
fa09c97a2887.png,4,0.8550816
c475aefa6255.png,0,0.9786565
46c4fb9164dc.png,2,0.88381547
3b8f78e1767f.png,2,0.7918288
2b6f28934445.png,2,0.8324248
64d749faea54.png,0,0.7956297
58ab162bfc89.png,0,0.8948614
069037e82135.png,2,0.91305465
0d2c1ae24459.png,2,0.7989786
2ffd44200e6f.png,2,0.62039244
4dc102e8d716.png,3,0.4683688
cb2eaa6e87ad.png,0,0.9921275
c5b9376b1031.png,2,0.7314053
bfeaf538c6ca.png,2,0.4623828
b22d649a343a.png,1,0.7605551
e7081f15bdbc.png,0,0.96468097
bab03e16c029.png,0,0.60002786
ea35436c0b08.png,2,0.64676213
4ed925492ea1.png,0,0.7684146
4f857f0e33e5.png,0,0.9979193
d04d1e8302c1.png,2,0.7662602
04e1b77ef107.png,2,0.9549151
d1e17c1f626f.png,2,0.85218674
4d64a0fe8b2b.png,2,0.9470155
40d7a111ee7c.png,2,0.8371399
10205b883f26.png,2,0.51759773
4686020fa0c6.png,2,0.9633741
f092448b6617.png,2,0.54334503
1d1539c0fb03.png,2,0.8183454
73a0917d732b.png,2,0.63332266
d0d9240fb267.png,3,0.6515769
c16e200bb026.png,2,0.9397416
5d6b9a2fddbf.png,2,0.8911207
24289104b70b.png,2,0.73063165
b856313783fb.png,0,0.65549684
aad278dd0f28.png,0,0.99999917
925967c408c7.png,2,0.45329088
85f608bcb50a.png,2,0.8313475
8dc530ad4a1e.png,2,0.9214753
d490d6bf7a9c.png,2,0.45748967
39ff5807f582.png,2,0.7562371
c7b8aef7c746.png,2,0.95186776
dc6649bd0e07.png,0,0.8933843
8bb4dfa61806.png,3,0.40765834
8fb196f59171.png,2,0.8445822
c1f5f01d7615.png,0,0.9138944
d23aa310a873.png,2,0.5395201
504b7e01be96.png,2,0.67493564
c56dff0321fa.png,0,0.99811745
3936578169d1.png,0,0.9782715
0b88274d5d7d.png,2,0.871359
bafc8f7940f0.png,0,0.96119225
464c22b720ea.png,2,0.6702513
2abf36e59970.png,0,0.9969669
82566de7f4d1.png,0,0.46496072
531937254e73.png,2,0.5298778
349ab243e75c.png,2,0.6366428
228e7cf174ae.png,0,0.86193967
ef514c87f4ec.png,2,0.522126
21d65a5b8d67.png,0,0.9002931
436651e030cb.png,0,0.7669112
90fc89319207.png,2,0.5353613
b40863d24767.png,0,0.9226945
207265d7e694.png,0,0.9912347
6d0df0ec5fd7.png,2,0.7336681
60c6583fa35c.png,2,0.89612323
9ff8eaf27f82.png,0,0.9496292
5a66a5abdec6.png,0,0.86775553
fe5618ad2460.png,2,0.45682353
5c081b9e1c7f.png,1,0.54247516
2430807dfad5.png,0,0.996822
836324a89d99.png,2,0.8446645
a958957485f1.png,2,0.8522443
ba482933d0e3.png,2,0.92067194
ff2fd94448de.png,0,0.9951304
51a3e9b6a1c0.png,0,0.99721473
291069435ace.png,2,0.8462951
92ebf5417491.png,2,0.6962811
39f82967009b.png,0,0.9995522
106dac320289.png,2,0.88653386
82cdbde2bd94.png,2,0.66480505
e2ae80422b9e.png,0,0.96377784
fe84ad1df04b.png,2,0.42866832
dbcbc3467e56.png,2,0.68779254
21da3c4da8ad.png,2,0.51996833
3006fdc07d57.png,2,0.8708544
704c6f80bb20.png,2,0.7384023
316f294f35ad.png,0,0.99984974
dadc953e79e2.png,0,0.9920582
3bab6c115f7d.png,0,0.9999993
b5c4cae30f91.png,1,0.59716195
616a989990b0.png,0,0.9741551
68aa38df13d5.png,2,0.6301188
f08c01a8a480.png,2,0.75677013
408ea007f294.png,2,0.82203794
33cd1f67204e.png,2,0.72584903
2ea138c85bb1.png,2,0.7840761
3c9cd9224d05.png,2,0.81181777
cf95d13f210a.png,0,0.9999828
5b79366b7eb0.png,2,0.6788963
b1f69a5b75d4.png,0,0.7641613
2f0e943c8ddc.png,0,0.6166651
1d7c4c12769e.png,1,0.49002394
c19e4d3f6e92.png,2,0.79252976
7a7f72b1c5ce.png,2,0.9226545
25eb93e69a3e.png,1,0.7182845
3670a39e7026.png,0,0.997936
6c96703bc565.png,2,0.78309333
31d79157e7c4.png,0,0.996284
4b83fb74c2a7.png,2,0.8602659
35dbd229cfa2.png,0,0.9227428
aa381cb2abd2.png,0,0.9616578
600b2b469a2f.png,2,0.9355779
1e0309115a25.png,2,0.8529085
5b81f6394a99.png,4,0.40520427
8c9cf6f116be.png,1,0.46685153
810b9603c241.png,2,0.963144
638a49bc4928.png,2,0.52394944
14ab77198610.png,2,0.4859027
98e2a0c2238d.png,3,0.77143997
2677d5c9983e.png,1,0.4754453
96a8532d5bc5.png,2,0.71824306
6ec54031d7ca.png,2,0.612065
0952ca2ece1c.png,0,0.47200403
4db841b2ab70.png,1,0.7938502
d18c404c056f.png,0,0.79187495
68d97772bd3a.png,2,0.8443134
fa8b04533b99.png,2,0.88499296
d087cc94e803.png,2,0.7932903
3f42e760cc3e.png,0,0.75536484
3c297a4f0464.png,2,0.5651316
ec4309136788.png,2,0.6879898
0d1c7806f918.png,1,0.5320865
f3daf369a103.png,0,0.98588365
e7655ce118ad.png,0,0.9711609
17fb965efdf3.png,2,0.8681798
71047d5e7299.png,2,0.65005755
b00235fc4967.png,2,0.827859
beda8915324d.png,0,0.93827355
f96f06803471.png,2,0.8169961
65153f9ad387.png,2,0.8315418
c19b684d1f54.png,2,0.8073085
75c6563ed058.png,2,0.61789554
58b740608ded.png,0,0.6209813
128b94971423.png,2,0.8627864
10c9d368f264.png,2,0.63710064
af79af943ec6.png,2,0.6217741
b28619c58d35.png,2,0.7690406
586eba507c88.png,2,0.89955485
b807f431700b.png,2,0.82054317
51910bcb980d.png,2,0.7660972
6825ccf0affe.png,2,0.70010585
c3fea3498883.png,1,0.7124967
ab2daf10fd97.png,0,0.42671362
8c41de06d44e.png,2,0.5800404
d395e0984942.png,2,0.66458434
b21c1ff1bb64.png,0,0.82589173
69d21c5c7dce.png,1,0.46744207
ce588daddf8d.png,2,0.87265986
5b27368c6983.png,2,0.47873616
eaa11b9fd165.png,2,0.9333949
24d5ed8ba19a.png,2,0.71852434
415c2ea2b6a9.png,2,0.8531256
9f70f457f732.png,2,0.7304963
cf94420fc02c.png,2,0.52436334
267a4f971f1a.png,2,0.7607312
3a70c2d49381.png,2,0.6422515
4ddfe4a87b11.png,0,0.90961826
25e5dc143433.png,0,0.99996346
cb2319096cee.png,2,0.7051916
b510ee1cfc21.png,2,0.68599343
6a4936e83256.png,2,0.80167735
b31e601ffdc7.png,2,0.7923293
badf9d11fe77.png,0,0.9998408
944678405e5e.png,2,0.94848776
732aa8f82078.png,2,0.70309025
c38bfcb69bac.png,0,0.94286096
140c4f64fca3.png,2,0.79534256
fe57ff56618e.png,0,0.7782181
1e34e33a0988.png,2,0.7452213
78bdd1ecee00.png,0,0.99470806
c57f8905dc76.png,0,0.84380287
1a7fe0c18772.png,0,0.9809
f3e5159e0b2d.png,2,0.8242537
ca38430b1d95.png,0,0.9999938
ae61b6385750.png,2,0.8858989
ec353d42359d.png,2,0.86580414
9305aafdde3d.png,1,0.69525516
c582e76be4a6.png,2,0.869446
3c4329778c68.png,2,0.8742256
551f1e4e2763.png,0,0.8751516
54b6b91249ad.png,0,0.8084201
087966da55c2.png,3,0.58219385
0af080866c24.png,1,0.58943635
214a244dd49f.png,2,0.48153582
7bebe5198246.png,2,0.7483717
b79bc424675f.png,0,0.99616206
7d6ea897ee30.png,2,0.9731244
3e4d4c1674f1.png,1,0.44208974
5d62c37386fc.png,2,0.69952464
ef49726b8df9.png,2,0.84089637
98c2c42a0317.png,0,0.7307948
45ca3fb3bfc5.png,0,0.79949874
41cc795c4acd.png,4,0.5575071
b8fe9bf02740.png,2,0.6648441
8305107835c6.png,0,0.99477416
7015c532679c.png,0,0.88259
afb7907b77d9.png,2,0.87153465
91fd830b7677.png,0,0.74869865
c1df61ca9c16.png,0,0.9521943
e87155449e8c.png,2,0.9435835
32180eca093d.png,2,0.52019364
86683eb8921e.png,2,0.851975
5ed96c970a57.png,2,0.65252006
8914493483f5.png,2,0.5544126
5f4dec014acf.png,2,0.5480723
4337e1114ad0.png,2,0.882794
2f2920b82e56.png,0,0.89113003
7ba4225b323e.png,0,0.99999666
4929dea59cb7.png,0,0.99710834
58392bb56fad.png,1,0.57269
2eff10731599.png,2,0.65137273
2d250a5030de.png,2,0.77225137
dd9c3583fd50.png,2,0.80597436
bae2e0f0943e.png,0,0.9332398
8cfa1b047c34.png,2,0.8125864
ab27ad586cce.png,0,0.6947774
9ede102f5e7b.png,3,0.46841455
35c2442a20dc.png,2,0.7211688
f535da2b9102.png,2,0.8387874
c1b6188f46c9.png,0,0.92245895
a252632b8c91.png,2,0.8885524
c97946322879.png,0,0.9790269
6d7f586a4f82.png,2,0.5272833
ef1548136b3f.png,2,0.7959751
ae1cc896a422.png,0,0.99996763
97cc3916d882.png,2,0.93906796
9311beca06a7.png,3,0.70097864
cc232dbbb4d1.png,2,0.6884105
15586b5a4a6a.png,2,0.8341285
8ea5698a1619.png,2,0.9452559
0ed192cd67a2.png,1,0.54033345
515877da2def.png,0,0.9735985
3c142c3f33d7.png,3,0.41990578
3832a69f943a.png,2,0.89721644
1fb1acde9818.png,2,0.45641306
1b79278c8cb5.png,2,0.7258109
31825463d1e3.png,2,0.9496176
ade59f8a4564.png,0,0.9540744
f7b4b4cf9161.png,0,0.9030172
762107ec466c.png,3,0.46830207
236c9c9c40c5.png,1,0.49408454
d8468d108c02.png,0,0.9997027
c5f88666d031.png,0,0.9872803
2603cf87a7e3.png,0,0.9268534
1927c7ed6570.png,4,0.94475716
2099648072a2.png,2,0.84788585
5b04aa895c31.png,2,0.8823875
23766fab438c.png,4,0.45251468
a6d6248e1d55.png,2,0.6435497
becb5885318b.png,2,0.856094
701ac49e32d2.png,2,0.7643153
e5bab5038b26.png,0,0.45783934
0f1a967313c3.png,0,0.88688374
09855c888f9f.png,2,0.6504109
74b5ba54d7cc.png,3,0.47750267
18d885cd7f0c.png,0,0.99953717
78ce997489a4.png,2,0.56363
bef30368d78d.png,0,0.9711283
ec1ec61a3354.png,0,0.9890423
7d353a9d3218.png,4,0.5923286
fdde61dd1bde.png,4,0.49071282
d02fd631b440.png,0,0.95052224
d57bdb46e998.png,2,0.7930283
657b8609f26f.png,2,0.84893626
fed9d587f158.png,2,0.88047796
8bdd17b5974b.png,2,0.833443
a3e5281f3158.png,0,0.6420992
cd45c48db97d.png,2,0.8841449
0b65c09c7bac.png,2,0.71668506
0e052b0dec40.png,2,0.64211744
305635aaec8a.png,2,0.7174052
60849fa4a14a.png,2,0.53679746
2c754e336552.png,2,0.86639977
430436d78a9f.png,2,0.72682405
f04b0e450206.png,0,0.9719317
5d3d0306074c.png,2,0.68796897
fa7a97f4de76.png,0,0.9999669
e9602a2d3044.png,2,0.7488406
22c9f6694a99.png,2,0.78032124
a1eb5f42737e.png,0,0.99739015
1b4843340486.png,2,0.90529823
83cfacba2dd7.png,0,0.37275776
f0848f9ccf92.png,2,0.39078376
a78b86e53095.png,3,0.682362
21715aad6f7b.png,2,0.5193525
8cf4258bd346.png,0,0.9926157
ae23bd4b0b57.png,0,0.7786063
2eafcdec6ed9.png,2,0.6451361
9eabe2bdf1e9.png,4,0.5316542
5b18feb15d84.png,2,0.9617571
0e428b886e07.png,2,0.89720684
96a3a01f0522.png,2,0.7380312
db169abd047e.png,0,0.90815294
8adf13f4fc16.png,2,0.93485874
e7a9e0ecdd65.png,0,0.45866224
061e7dab2b76.png,2,0.8068758
a5867e3dde29.png,2,0.80525017
f636fc9e4355.png,2,0.90622836
9d5061ccc54c.png,1,0.5734627
eb56559c9a8c.png,2,0.76450276
567bfbf30117.png,2,0.9559313
6a6b6dc586c8.png,2,0.8095831
ff4c945d9b17.png,2,0.42751116
fda8612fcc8c.png,0,0.99884784
3f03980754e7.png,2,0.81868595
5092d7fc1392.png,2,0.8972861
782cdccbdb1a.png,2,0.8246882
7205b4cbc184.png,0,0.34716836
f2320b9e1197.png,0,0.9291691
db91aeb2193e.png,2,0.7857137
9772f0ba0ee7.png,2,0.87363386
0f61878bfd0e.png,2,0.63396734
cbf8916e5abe.png,0,0.9698274
da807f93050c.png,2,0.53919965
bb4a8b80b7ee.png,0,0.9353901
5c1ed0268157.png,1,0.4228801
91cb9f86e456.png,2,0.5932885
d166f5253f48.png,2,0.444613
810b1ef05d20.png,3,0.6030707
178bf0bd8902.png,0,0.9982207
4abdddd0b247.png,0,0.97996557
c49c47887520.png,2,0.71408755
6a4ab4927ee7.png,0,0.7493149
72b8b473ffbd.png,2,0.9239906
49cb7972e2a2.png,2,0.9165695
f167245c0bdf.png,3,0.8071976
d00312c50737.png,2,0.59107244
dafade8b6561.png,1,0.5578993
bf0a40de1790.png,1,0.6642167
bb0f83e7224f.png,2,0.69081944
9240b949fdc0.png,2,0.8567175
1c241074f213.png,2,0.8157273
7744ab973027.png,1,0.5810943
688ae4721ccd.png,2,0.7765777
96c199f2afcb.png,2,0.52022547
a1452b3e185b.png,1,0.7197444
81ed0c587703.png,2,0.81917053
93220677378c.png,0,0.543549
e70756bf1618.png,0,0.93100244
5f84992353f8.png,2,0.8456809
d26370778377.png,2,0.81591433
a18e97c55688.png,2,0.901522
ef4c7035ce6e.png,2,0.65429354
326f05b4fef0.png,0,0.45787293
010d915e229a.png,2,0.41496027
a77c37529ee7.png,1,0.6317964
a6135b708059.png,0,0.8100155
f75b65c8cc4c.png,0,0.6545032
f524093e34ea.png,2,0.89148325
a8798ba9d196.png,0,0.9966432
16ae52b6ac9b.png,2,0.8834217
f506b2b3c950.png,3,0.51791215
3a1bdff4e304.png,2,0.6744635
57cbd5909e16.png,0,0.94669086
9bd683e16325.png,2,0.88730097
6b62d4aae182.png,0,0.5438308
0ca261d6e31d.png,0,0.99284744
8b83f4b2d1a9.png,0,0.68274564
edca22bdbeeb.png,0,0.941448
9324f4ff95d2.png,2,0.83926874
448c1f328542.png,3,0.5075656
0622a0f615db.png,1,0.6752202
8d0bcd4ebff6.png,0,0.9999981
fb2d29623cfc.png,2,0.5619596
6dd2dbd802ea.png,0,0.9883728
e4ea1673d8f8.png,2,0.8461432
eea7f3cdc9dd.png,0,0.90889496
94fac9bf79e0.png,2,0.5711397
2d639c269faa.png,2,0.72454983
462507c543fb.png,2,0.6826872
b7b9839a025b.png,2,0.73947716
086727c22b75.png,2,0.8911236
48cc693a081d.png,2,0.5779392
3dd629fd6d09.png,2,0.59757537
f6a79dbb4339.png,2,0.6633058
7d182df47a75.png,3,0.67048174
86ca8c8d563d.png,0,0.96293867
dfcde9f583c0.png,2,0.7201309
0299d97f31f7.png,0,0.8880257
b430b6148d0b.png,0,0.83870023
2893b2a3cdfe.png,0,0.43382603
50dab20a4ad4.png,2,0.796959
d87e5a77a830.png,2,0.5101067
b1ea863519a7.png,2,0.6377214
1ba29885e4ce.png,2,0.6986294
0d38fb1ec22d.png,2,0.9574545
29ca7f9cb14a.png,2,0.70443004
b16787f65d49.png,2,0.6344828
0ee72c039036.png,2,0.72699517
764e6ea355ac.png,2,0.8879134
e1abc348d5bc.png,2,0.38972163
b243620b82aa.png,0,0.9999522
8798cccbcb0d.png,2,0.86317813
b042fdb1e1a1.png,2,0.74594235
fa98490bc13c.png,2,0.6220667
9a36c6d23fe8.png,2,0.683582
512beaada8f0.png,2,0.71929294
68a6c5d949f5.png,2,0.7150701
1ab40e2386ea.png,2,0.95140845
18b0e7e82204.png,2,0.7773372
09d32c9008ca.png,4,0.5611381
5fa2f89a0ec2.png,2,0.8642522
0ddb0dbbef76.png,2,0.4902714
9600b8ad9d49.png,0,0.9961289
f3d95fad170c.png,0,0.91194636
aaa2cf8d02ef.png,2,0.9121594
4fa9722572c0.png,0,0.92351335
aa60bff84a4c.png,2,0.75048345
411ee15ad4cf.png,2,0.46125454
1a0a62061725.png,2,0.8937873
397ffea483ef.png,0,0.5590657
1491b52c49e4.png,0,0.8022756
c6c76cf68bb8.png,0,0.97784406
3bee147be104.png,2,0.36303473
ef5f4ffdd75c.png,2,0.76365566
95c3558dc279.png,0,0.8785253
0a262e8b2a5a.png,1,0.48308268
14a4f23b07a5.png,0,0.70105386
f8b9c9f5235f.png,2,0.42986557
9eac62719123.png,0,0.42020005
605359a98377.png,0,0.6065019
cf98137e0faa.png,2,0.8534593
3a5d6cc796f1.png,2,0.89197326
21326c03723b.png,0,0.5584511
e87e6e5db799.png,2,0.9055893
55c5356d96f8.png,2,0.88306314
9d2327e95076.png,2,0.87796634
687856bd64a7.png,0,0.90017897
e31794f248df.png,2,0.9568268
e73737111c4e.png,2,0.9123749
da68a7779f0d.png,2,0.4912182
401279eb879a.png,2,0.459218
a924c71421de.png,0,0.7658102
acd5ea4e65ee.png,2,0.8003991
0654cdd3c01a.png,2,0.8451081
f68ada6a0892.png,2,0.94406176
354003bb216f.png,2,0.6383439
667ec71b5003.png,0,0.99165887
7764e684c8d4.png,3,0.6578483
89a37093baa9.png,2,0.59689575
3df3c5e97663.png,0,0.80438006
7c0c20cd8114.png,2,0.4937683
78816c91ac9a.png,2,0.6594963
8d01494c2821.png,0,0.9685747
b7c8cd2a6b2c.png,1,0.7175934
a23f0953f08c.png,0,0.85891867
1e04a80f12dd.png,0,0.6013653
b70b29ad9e23.png,2,0.39245382
4180f7f0c182.png,2,0.81728107
11dc8d4a66a7.png,0,0.9999949
f0e6fd9a71d8.png,0,0.99721104
b7950b4753f9.png,2,0.7525237
a150cde164c1.png,2,0.64208364
d073f7f99d46.png,2,0.8409962
7007d3ba7e79.png,0,0.9798548
49897ae73aa9.png,0,0.62049
9215a3ce482b.png,0,0.99272585
880eacc5ab23.png,2,0.59062684
2fb539602f57.png,2,0.8958524
e5687116e274.png,2,0.9179276
f3f696c65bfd.png,2,0.8894113
b90a9ac76003.png,2,0.7977955
366e5c14a7d8.png,2,0.5885692
d1fbba2bd872.png,0,0.9041389
f7f026a5a4bb.png,3,0.7895397
a3537724b9a5.png,2,0.73735064
434e10fa0bf5.png,0,0.9839212
7bafbda8b8f7.png,2,0.61193573
e0bb4081ebec.png,2,0.5087709
af8c79d4a864.png,2,0.5311063
9a7e2e8fa01a.png,0,0.99999535
264bb74277a5.png,1,0.63636994
9b4b809730ec.png,2,0.8399835
38496a64a658.png,2,0.8266702
051d9d12a6ee.png,2,0.81201625
fc5ea7f74c48.png,2,0.8300503
862cc91ef3f0.png,3,0.56890595
e74f1fdebdd6.png,0,0.98468494
cb004a78aecf.png,2,0.48051703
fbc8b60526f1.png,2,0.8236254
8efd5ed7c4d8.png,2,0.93777955
bb53d6785e8a.png,2,0.7814052
ec727873cdb7.png,0,0.97780704
b5ef4a1296d4.png,2,0.9080735
58f0807d2297.png,4,0.7192067
8daed4c00661.png,2,0.8626505
ab3050f000f5.png,2,0.43908435
4d8e6a111b56.png,2,0.65303916
e754bdc1061b.png,2,0.9090043
f0a4b6713914.png,2,0.48941553
23c483b2d9d1.png,1,0.64641714
39a7cac6ac9c.png,0,0.9817286
51e88694c81f.png,2,0.9205731
70115c0f75cf.png,0,0.63609266
d81987552a7d.png,2,0.69420207
8c49d9de02d6.png,1,0.4783583
e2fdc91493f4.png,3,0.56726205
80921264504c.png,2,0.82490623
7d2243c508d8.png,2,0.5675686
f5ebdedbba98.png,2,0.80374056
ef8c405f0c7b.png,2,0.6551459
ea746a0d54ac.png,2,0.74140507
ac93ddd2c5a7.png,2,0.793917
3d4d693f7983.png,0,0.911723
d9b846ab7972.png,0,0.97791356
e03bb55dd03c.png,0,0.9999963
8fc5d55a4ece.png,2,0.61354107
ac65fb85276d.png,4,0.9490469
5d443c9e3d39.png,2,0.7625783
fbcd28a51ef7.png,0,0.49036112
6e2d7cee2d91.png,2,0.90145546
c57e87ac7d8b.png,2,0.6656929
427264c3232d.png,2,0.88777125
100d678b8125.png,3,0.5444422
a67503dd5c37.png,4,0.4496036
4ec759a78c5d.png,2,0.8113989
362ee624995d.png,2,0.8026765
82515c8bfd5e.png,2,0.78676546
b6cf540b6935.png,2,0.815749
97168872e4de.png,2,0.72089696
ca9d987ffde2.png,1,0.5290116
4db635ee7440.png,3,0.7637128
589747aab826.png,2,0.9644273
d7e123072fde.png,2,0.70288485
213e9ca67626.png,2,0.8869251
1ca90de96f99.png,2,0.5972766
e51a5a7cb0c4.png,0,0.75582826
48c30363529b.png,1,0.5652173
767cf5fccd97.png,2,0.84797525
f6a9c937e6d6.png,0,0.99192065
995eb7091756.png,0,0.997494
cfe6c3a302c4.png,2,0.8284591
7031ca7c5ee1.png,2,0.5651449
417f1709a8a2.png,4,0.44591668
d25c41b91aa6.png,2,0.76733845
75bca27c127d.png,2,0.8515889
29112729cdc0.png,2,0.79965
558664213d06.png,1,0.4788538
dabe64a3b18b.png,0,0.98624194
8c4b2c26e478.png,0,0.48824066
fcea00df9f33.png,1,0.45689866
9fe34f463cef.png,2,0.9507325
6f275262123c.png,1,0.5764158
0005cfc8afb6.png,1,0.6882592
7690663d8171.png,0,0.93869627
e3eaf3d12ad4.png,0,0.9984408
5f06b715ea24.png,2,0.55949306
318330f2d44b.png,2,0.6927599
74b0edef5063.png,2,0.6553366
172eb75bc414.png,1,0.507236
1248275c3f91.png,2,0.8806963
3c21f8d1fa62.png,0,0.35309383
18009c3e5653.png,2,0.799921
3f3e750580d4.png,0,0.83242035
9aaf74b298c2.png,0,0.8858946
c80eebab468d.png,2,0.5378208
10407824638c.png,1,0.7784817
17403c0714f1.png,2,0.92466956
edd7e3e814e8.png,2,0.8971214
16ae04d67de3.png,1,0.7846104
2c2b9c974ca7.png,0,0.43870735
b6937fc5672f.png,2,0.86275005
a6556e9206b2.png,0,0.996776
95dafd1d5f47.png,0,0.70315164
cd41966d03ef.png,0,0.95919687
f443c3d7ab22.png,0,0.7616137
082c7ccb536a.png,3,0.5212618
72dd7ca97f55.png,2,0.70552284
443b96e2e048.png,0,0.38839146
5cfc10f6114c.png,2,0.56444275
aabeb044a306.png,2,0.89398324
62df7040b3df.png,2,0.5479027
df9fb7e570cd.png,2,0.83457315
0928150bb29a.png,0,0.9699397
80d85db5fe6f.png,2,0.8012621
b8b36543507f.png,2,0.64230186
e8deb6e2de83.png,2,0.8462404
75d1e729c75d.png,1,0.545474
dc425ae63cf4.png,2,0.825739
1ed74b13dc38.png,2,0.6573335
fa007743976a.png,2,0.75017107
f320b5f7f5b5.png,2,0.5599831
deb6f3d6f1c6.png,2,0.6748355
dc7b66c705d7.png,1,0.6112807
d8312c5b5217.png,0,0.38989952
ead743033ad9.png,1,0.5447821
1c6e15aeb154.png,2,0.7354465
2884eb727858.png,0,0.8876112
1a18d78ffb56.png,2,0.7443272
8fc74bd50fcb.png,0,0.99624753
76d8e779d555.png,2,0.8045054
71291389a55d.png,2,0.5469076
d66b9c127924.png,2,0.62885517
a71375ac84f6.png,2,0.69466406
88e0bd76f4c9.png,2,0.7379853
890dd0b1921b.png,2,0.9519195
556c2790a2e5.png,2,0.8149579
edeccdfdfdf9.png,0,0.4478478
5b7aec374735.png,2,0.83798134
3e7fc52c3541.png,2,0.8193092
9193a240b495.png,0,0.9711165
a2d894364873.png,1,0.58591837
51f57fb32840.png,2,0.7629079
7614373a95a0.png,2,0.89004123
2d64c36a319d.png,0,0.99991065
e1a9cafeb308.png,1,0.5353919
20dd582bf9c7.png,2,0.7900143
ef44b0f4d553.png,2,0.6325986
ca948114cb53.png,2,0.716084
f3135d8ed877.png,0,0.58502495
8634cfaa63c5.png,0,0.81398916
a0d3fd0386d9.png,0,0.6461958
de3afa3ddd6e.png,0,0.8901473
9f90ceaacec9.png,2,0.630931
18c7998ba166.png,2,0.7793923
b6e7ae30e458.png,4,0.8273249
c72492c66aa4.png,1,0.4346277
5de413ba9250.png,2,0.7212984
97f6cff9be9d.png,2,0.8354143
d607960647ac.png,2,0.85165095
08a5afa9d62c.png,0,0.5330742
fde8778182af.png,2,0.86300176
92c773457ab2.png,0,0.5901436
148e913a3cb7.png,2,0.8227056
30376d8cde4e.png,0,0.87725073
aad86eddfe58.png,1,0.66134286
f4a37bac1050.png,2,0.78905857
652a7d1e42cf.png,2,0.66657895
e051148841ce.png,0,0.8765765
10df48fe8c6c.png,2,0.856421
4fdd1ca8bd89.png,0,0.89246917
e8efde11fae0.png,1,0.5090251
c867b4547f66.png,0,0.5332983
ce6af5e7dd4b.png,2,0.9015342
273a341b5144.png,0,0.9819806
2cfc3041caca.png,2,0.96034163
b9f4fa36c061.png,0,0.97359383
7c10eeb5f1ee.png,2,0.48401642
0e107399795b.png,2,0.7086133
51bbd82feec8.png,2,0.86936027
2febc332f628.png,2,0.703527
412d9433f93e.png,0,0.98237234
f99a9ad63dda.png,4,0.55468136
8c4bb8e93f24.png,2,0.8070507
58a569759348.png,2,0.74709654
bda2d5ca6f7c.png,2,0.7619339
f7cb2e6212b2.png,0,0.9480397
500586e31827.png,2,0.69794226
ba1ad5bac85c.png,0,0.9906644
f39ce81e62e4.png,2,0.9604658
a5b28de176ba.png,2,0.57410526
73894f64bcb1.png,2,0.7554925
458b2446e3dd.png,2,0.5660026
fac5beea82bd.png,0,0.5784353
c6340f6782f3.png,0,0.9957748
41031e40b326.png,0,0.975369
e4fb9b17a8e6.png,2,0.5643665
4a7b0751d94e.png,2,0.84873384
f059ab26d40a.png,0,0.44576526
5baaa0041555.png,0,0.82953686
9d3000de91bd.png,2,0.5298676
2f032374b797.png,0,0.75865906
e7557ee92477.png,2,0.94138676
67b614d32bcc.png,2,0.6965519
84acea0b8a00.png,2,0.6233409
e29765ebf3bc.png,2,0.6730215
9496a9b6c38e.png,0,0.9987161
55ab23df5fa0.png,2,0.66573596
17f0a333f224.png,2,0.78147185
a94217c6d4fb.png,2,0.6264673
6365da11bf72.png,0,0.9749806
989379d3303a.png,2,0.91524434
d07a177c50a2.png,2,0.8058706
b01de692186b.png,2,0.75148135
b8c5029576f7.png,2,0.85431373
4f9f6984a2f7.png,2,0.79212946
be644233f515.png,2,0.4597946
32bb537f9dec.png,0,0.5212567
326808142745.png,2,0.6309642
5d26d29704ad.png,0,0.9917097
aa2c125a8ab8.png,2,0.37098855
69f0ca93349a.png,0,0.56375474
3d913f289d77.png,2,0.8985341
6e5887ae04c7.png,2,0.91729105
6d51db325a98.png,0,0.9486499
b214c2228c53.png,2,0.93741995
4c70b2944d9e.png,2,0.70672655
ca30526a247c.png,4,0.5938535
f6578f3dfafe.png,2,0.73824215
c689594e1738.png,2,0.7714802
ba8e74535796.png,2,0.7365634
7a5b1c716560.png,2,0.4956624
9b9907171049.png,2,0.49007598
c0cb34b0f29f.png,2,0.8967031
d6301df5abf1.png,0,0.9071239
b7d617607c6e.png,2,0.8462797
c0f6ebbff5dd.png,0,0.93622535
1c62728dd31b.png,0,0.9980242
f1fe9471fc83.png,1,0.4412247
e999c64033df.png,2,0.730931
80976eb17462.png,2,0.75976795
270a532df702.png,0,0.9750067
4578ed5eeb9f.png,2,0.9365469
f3a6c7df5fdc.png,2,0.524573
8a1791bd2bb0.png,0,0.9971658
c11b3794d4e9.png,2,0.6449115
ac6c7462887b.png,2,0.949815
ebb40c984d56.png,0,0.6528276
2cdd4f04b914.png,0,0.9961059
c43d6133ca37.png,0,0.8596969
3c1d461434eb.png,2,0.87317425
dd8aa5d8cc3e.png,2,0.8406734
c9e283e1350a.png,0,0.9702606
7a4d0a3b5e5a.png,2,0.43639737
ef39106db910.png,2,0.42526868
ab20ac20337a.png,2,0.51414484
16d36c3d0553.png,0,0.99944973
2c8781c1089d.png,2,0.8178368
55bae08492c0.png,2,0.87137467
e62ae9cc6f9d.png,0,0.9974369
cd6cb8eca034.png,1,0.53887826
17b08e34f0ed.png,2,0.86766094
dbd772828089.png,2,0.4319542
fb75ed010413.png,0,0.8889179
c8f81210b738.png,2,0.7736412
7136203550af.png,2,0.71872395
9730d08edebd.png,2,0.6320573
28079fa5dac3.png,2,0.641384
808f32272dc8.png,2,0.7621823
8214256b4e51.png,1,0.52565956
f3bf83a0e378.png,2,0.8588151
b4316f572eaa.png,0,0.99455315
9c2c32cbda5a.png,0,0.4676986
6c3053baeb67.png,2,0.85901445
9d71c73256a8.png,0,0.6268645
3ef3056cc3d0.png,2,0.9065932
80ffe924f95b.png,2,0.94344336
0229c0a80d42.png,2,0.90151346
9b5f62614c14.png,0,0.71463716
9d19500e74c9.png,2,0.62774205
fe0a340c4477.png,2,0.85969543
64a507309332.png,2,0.5906994
bf94a80a5ce1.png,2,0.6933964
021c207614d6.png,0,0.74114853
bf599a93ca9b.png,2,0.8048455
3575ff59acc0.png,2,0.8089314
ee969c006782.png,2,0.56547755
ed0ccec62a3a.png,0,0.52695376
66bce216e103.png,2,0.51082003
e4e847470e49.png,2,0.79654735
57d5d0d42cac.png,0,0.7904455
cad7be9b1e4a.png,2,0.7925126
93cbafc82f37.png,2,0.6355922
2e4c87ecc92c.png,0,0.5614437
ffa73465b705.png,4,0.52680606
e48caeb90d74.png,0,0.99081695
58a536e6fdde.png,2,0.8016999
bee2621d5a8e.png,2,0.5772227
b09e9ba256f7.png,0,0.92635095
c39c40be80e9.png,2,0.8976845
6508c11c4785.png,2,0.92972106
644f1ba18d8b.png,2,0.55941284
bc7419fa4437.png,0,0.9990878
f3bebccd8f01.png,2,0.6634506
3dc26a50270e.png,2,0.6595984
5edf6828c280.png,0,0.9672088
0f96e3e4a5a0.png,2,0.8861386
983f2756d8be.png,2,0.65899485
f8aa9af6ca63.png,0,0.96382064
2ef886fa090f.png,1,0.49246803
2b3edeb756b9.png,0,0.87523365
baf2f593243e.png,2,0.9761245
c8799272ed2f.png,2,0.86797005
2047c76a05da.png,2,0.8160516
5cbc7df5a21c.png,2,0.62757796
030e06ddbb04.png,2,0.8701248
6a4a51e42782.png,2,0.6389247
98f7c1cefa4b.png,2,0.85481125
f360627bb76b.png,2,0.84287274
4ca3eaf3493f.png,2,0.6623706
34de3550c1be.png,0,0.7464997
f0d3048b5a3f.png,2,0.7060388
49f6ffbc8356.png,0,0.86541045
03042a663e54.png,2,0.83572173
06daa7390238.png,2,0.66721916
204b0837f6c3.png,0,0.59730387
fd2978398705.png,2,0.78284484
c7c003cdaaba.png,2,0.7989549
01499815e469.png,3,0.5402978
4b47ed879207.png,2,0.45184416
c23ba42c5251.png,2,0.8740809
3393ee9e7f29.png,2,0.9110895
2f9a5d2c4ee5.png,2,0.7148151
9df628dd2d68.png,0,0.97262657
76c854fde95e.png,2,0.58504903
2bd279f7c431.png,2,0.8572401
22c7ca4863ee.png,2,0.69953936
ab1fc7f40d64.png,2,0.5555788
f32e563daf7b.png,2,0.82198966
4e8b41486289.png,2,0.5478427
a435c6136916.png,2,0.82078797
30e384252334.png,0,0.9705139
0ecaf177e85f.png,2,0.88459
214e78f46682.png,2,0.66447943
0bab4b301d71.png,2,0.6982378
bccb2c2c4216.png,2,0.9086907
d2d6fcb41a71.png,2,0.4569755
3a3d5ebaaec3.png,2,0.6858466
3d83eba14bd2.png,2,0.79093736
f9f3d97f3269.png,2,0.8463844
c697d6496c5a.png,2,0.5253883
b0fc3ca722ba.png,2,0.8541868
d1a276276890.png,2,0.78662986
ea58b230f540.png,2,0.9564481
acb732e347c0.png,0,0.9352469
2cb697cbcb0b.png,2,0.5130298
9f1af957139f.png,2,0.55944544
741ef20e5e28.png,0,0.9978148
5ca89ec3c507.png,0,0.9997204
33b59700691d.png,2,0.60828984
6b7d26aea1e9.png,2,0.662077
8f4612fa90aa.png,2,0.5446741
689d028fe647.png,4,0.5313187
1ff6e5ec40b4.png,0,0.71947193
96602edec13c.png,2,0.7168897
2bb39124c823.png,0,0.9216094
7af3af7910a4.png,2,0.42382535
c13e52ea958e.png,0,0.5948459
01e4d86b3a30.png,0,0.4734347
07685fac659a.png,2,0.5620509
3db49b4d5a7f.png,2,0.7819906
3099f71a8760.png,2,0.9066386
c54f83a2d026.png,2,0.58267844
89f1314e2c10.png,2,0.9036611
855d60689040.png,2,0.8242263
5400549bfe76.png,2,0.7917798
57e7e85b6bcd.png,2,0.92990726
8c0f725874af.png,2,0.90339726
0434995d0654.png,0,0.9780059
1de193623108.png,2,0.70722914
5b42aa87662e.png,2,0.5846904
6220b43ea8eb.png,0,0.9784655
28051dcc7861.png,2,0.9229255
94281fced6bb.png,2,0.9200707
c0f1ea4d0215.png,2,0.7480463
5b7e38adccf3.png,1,0.5442204
980b5ca190ce.png,0,0.9862897
7dcbbc17fe47.png,2,0.8772386
a9006f6480a7.png,0,0.39466864
9375f39522ab.png,0,0.974885
df16c3ac7046.png,1,0.7134003
49af6f1390b9.png,2,0.87283045
0e9d6c70eaf7.png,2,0.7397304
5168ddccea88.png,2,0.83657616
da58ea1e0407.png,2,0.848884
f73e8ec73179.png,0,0.97216195
42a390ee5583.png,2,0.92234826
92eb43fbfd8b.png,2,0.92785513
b876a85c43f9.png,2,0.84303474
da91be7eeb4f.png,2,0.93334186
44191b514dee.png,0,0.57396036
96c21d31212c.png,0,0.987517
d481ddad16f2.png,2,0.49523348
59abc465e159.png,2,0.71268654
12411c037cfb.png,3,0.61409014
571ab04c9e87.png,4,0.55992603
ee506d853270.png,2,0.5259666
052e00f47cfa.png,1,0.4006327
eee06cf50cff.png,2,0.50077873
5ab71d422459.png,2,0.9247761
3a2f02646df3.png,2,0.79719466
b59604582a69.png,2,0.7968686
65cf08a0ecc8.png,0,0.99586475
3382ab75cc96.png,3,0.41386783
76b15ed2d4be.png,2,0.7362341
431e6e79e394.png,0,0.87777054
49a027e2cebb.png,2,0.6224913
287613276673.png,2,0.7219125
b0c55927f712.png,2,0.882126
8affa9a1fecd.png,2,0.5988634
f10e7a05264b.png,3,0.34031555
4306b1965385.png,2,0.7095771
dbf67b9638cd.png,2,0.5150558
2412b2c0e74a.png,0,0.89516705
c4a81ee6362b.png,1,0.53701633
b5190b4f1d59.png,0,0.881922
3a9890cf2440.png,0,0.39078194
009245722fa4.png,2,0.484029
ffdc2152d455.png,0,0.9620575
481657080d8b.png,0,0.93846345
9c5ba656e978.png,2,0.6889092
fd4d81b43e84.png,2,0.6045877
b6017bf3847d.png,2,0.6413851
f7b5f3581d20.png,2,0.84663373
7eeed2e26c9f.png,0,0.83235294
7e0ec22cb51b.png,2,0.5621892
983b3a401c9e.png,2,0.89725244
a6276ef5053b.png,2,0.8852881
48530f602b11.png,2,0.8255014
4efa03e7d043.png,0,0.56852907
c434df57e02b.png,2,0.73766404
b6a4d7da60a7.png,2,0.77170163
47bd700f47ee.png,0,0.37845883
559a719e403f.png,2,0.55321276
99fe5175a56f.png,2,0.68418264
d465bf00f65f.png,2,0.8028359
ee76112096cf.png,0,0.9701885
d4fe9da627c7.png,3,0.5920996
f85bf43b7e05.png,2,0.673344
58ec1c8ed8b1.png,2,0.81086826
cf99da5598c2.png,0,0.9613223
70a51d863a5e.png,2,0.8790531
d2379ffcd65e.png,1,0.54001075
bca38b014cdd.png,2,0.7746777
0a2b5e1a0be8.png,2,0.42429876
398817adaf16.png,2,0.7668057
dff147e8c2f9.png,2,0.4657102
ede39fdf8477.png,0,0.985828
20a955de8a62.png,2,0.776997
6a27a25f7a0c.png,2,0.902109
fab7d8e8a1fa.png,2,0.70374346
e8fd593892f7.png,2,0.48415452
a5ea92b7864c.png,2,0.47906193
1a6b7f58d488.png,0,0.86664927
e23d7cd089fa.png,2,0.5457688
4a01c849bdeb.png,2,0.4530307
50ff3607fc26.png,2,0.6196495
6eb52b81fa50.png,2,0.97099394
893b140bd358.png,0,0.6127127
ea4a8d1b2358.png,1,0.68401885
7baa6e053baf.png,2,0.66600084
8571e10b7294.png,2,0.6085202
9c27b212d50b.png,1,0.5239054
ea6742795adc.png,2,0.8934353
ae2fda60811b.png,2,0.53394175
4df7349f0806.png,3,0.44276553
4944b1de8817.png,2,0.8431161
39b48b299c45.png,2,0.7522763
33a0fb5161e1.png,0,0.88895446
724929cecee3.png,2,0.81678474
fe1d2f703efc.png,2,0.88076687
368271b942fb.png,4,0.372404
2deec95bbee7.png,2,0.84650767
d7a16a05f86e.png,2,0.6463697
0946ae407745.png,2,0.63695705
afc9e5eb7158.png,2,0.7378832
4a5aad82e737.png,0,0.80699545
38b53cec399f.png,1,0.6382176
dd583f42cbd0.png,2,0.61335117
3943a494fb0d.png,0,0.82183164
06e60df1823e.png,0,0.4762406
7959bb5d9fa2.png,0,0.9999982
6e2f3f746226.png,2,0.8148897
c751a13679f3.png,1,0.3671505
79adfdcb827f.png,2,0.9708376
f9f1cd9ed16c.png,2,0.8298683
92f5e1793a37.png,2,0.83263123
1b1522622a53.png,2,0.58266807
db6d64fc74e9.png,2,0.8971198
4810eb8e7c88.png,2,0.8792972
020f6983114d.png,2,0.891441
6ad7b5beef75.png,2,0.45077434
f47c5fc86387.png,2,0.5796021
6dce3f20de26.png,2,0.946922
b9195b82342b.png,2,0.887994
d6bf0d147a9d.png,2,0.73908865
dff51d618ebd.png,2,0.81317586
c5c5c97d4404.png,2,0.68527466
828ad210e3e2.png,2,0.55489767
46a654b6a3db.png,2,0.77060395
a62983766a21.png,0,0.8069784
9f124cfb3f5d.png,2,0.67290455
7ca07d02a1ff.png,2,0.72448367
ebb70180b81a.png,2,0.49943885
a48d59891a94.png,2,0.8108161
dd7c7113b438.png,2,0.9222945
94017cfa574e.png,0,0.9998545
a6aa2030d1f6.png,2,0.8128148
a7c338c946be.png,2,0.84915066
ccba4cf55bf5.png,2,0.77516025
64a4926e85b5.png,2,0.45413166
ec248c3ecd10.png,2,0.58014894
6290dba05950.png,0,0.8042793
bd027726e13b.png,3,0.51474774
69bf0233198e.png,0,0.9753404
450e2a692142.png,2,0.9210592
bc8d12d09cf0.png,0,0.81133986
0ef1f5075178.png,2,0.87238854
ad13303b17c9.png,3,0.46472004
c18a0972d652.png,2,0.7446189
f8b184ad0701.png,0,0.35712245
081c7ec32f27.png,2,0.66576105
446d2a4606bf.png,2,0.5977554
f1416b6ac0f0.png,2,0.73018885
acb0e59ebfcd.png,0,0.9769758
fe920e47b72d.png,2,0.71428823
af894868d352.png,0,0.9966057
5177461f5339.png,2,0.8756414
97c4f207ae56.png,2,0.85220885
7a75f799ecaf.png,2,0.62723875
c9725a732b15.png,2,0.9029049
e8c65c471b92.png,0,0.9989649
ee9d64c9be0a.png,0,0.9999204
c8beb20d5a63.png,2,0.7983313
e675ee5cfabe.png,0,0.98861575
d099f9ee17f2.png,2,0.92517745
697fb916ad18.png,2,0.7519361
db682fa7f5b6.png,0,0.90904605
b93f6b61c889.png,0,0.9451566
c5e5fb775899.png,2,0.43668056
ae307e24355b.png,2,0.7352849
abd5b64eb7c8.png,0,0.9937493
e0ccaed5f4fc.png,2,0.5956895
5325b1c22c61.png,0,0.994296
2f906addeb38.png,2,0.58145684
ae43fbdb0db5.png,2,0.8154912
cbdc19b70634.png,2,0.9243742
471ff7e04b2f.png,2,0.5275725
ac1ead3c51c6.png,2,0.7799057
f444cd113883.png,2,0.66008556
662785685674.png,2,0.8980264
46f933bbe3cd.png,1,0.39899397
3a2b37343edd.png,1,0.6524597
b5a43f4f66b6.png,2,0.44605252
a0cc05ce59fa.png,2,0.5833068
90f3a3addf92.png,2,0.57545143
34fb98396a24.png,2,0.8338301
d81c3856082a.png,1,0.42896017
d5e760a949b9.png,2,0.8166743
5416642e06dd.png,0,0.9834418
1388399910c7.png,0,0.61252254
0c7e40a82c60.png,3,0.4806147
ef36cbd84301.png,2,0.6192312
d055c5298145.png,2,0.3996984
51323e9d2070.png,0,0.8578945
6f5f99d0480c.png,2,0.62525326
54377de41c97.png,2,0.86046386
1876ac30fdc5.png,0,0.89686966
5c3872c226bb.png,2,0.8426356
bd3bd6aac8e2.png,0,0.776974
c2ab32a760b6.png,2,0.96997374
42ae83e0089b.png,2,0.5272483
470fd63322d1.png,2,0.87458026
d6320a089dcf.png,3,0.4952368
afb77c0d5ca3.png,1,0.51253116
26978370afb3.png,2,0.75530905
ef10428bec8e.png,2,0.92841184
98b2af334295.png,2,0.91252834
9f7eaf224b00.png,2,0.5577325
af1b40174e18.png,0,0.8258915
315ca7df2c04.png,2,0.73892283
ba2fc27e7f12.png,2,0.91397697
e4c510a40d9c.png,2,0.89089894
ab7acf4fcbf0.png,4,0.59482074
10249038e07f.png,2,0.941335
d0c9ada304c5.png,2,0.87073386
9fd4cd92b5e3.png,2,0.4327696
3e2ae41e0730.png,2,0.86630225
f1178112a435.png,2,0.7975394
227af2e525a0.png,2,0.816169
ad1cbd4b97ad.png,2,0.5998212
d65a606a9289.png,0,0.99701643
4824f6db2b82.png,0,0.99999976
c423a0b222de.png,0,0.8720388
77cf0d228a12.png,2,0.8732512
aa7e34315323.png,2,0.6213635
5595883f47f0.png,0,0.9279683
e46a71fcb54b.png,0,0.9584564
00836aaacf06.png,2,0.7101998
4efcfde6a0c4.png,2,0.7786009
7fa21762b1c3.png,2,0.5899093
8fdecd6a923d.png,2,0.7398027
5d2e1e53b383.png,2,0.59325063
7889e79f59f6.png,0,0.9375714
9285ad837947.png,3,0.4843735
79726ebe9844.png,2,0.70939
f32613d8dd7f.png,2,0.83664346
a20cb71c8cb8.png,2,0.68638855
682baef89ab6.png,2,0.76739216
d667f316aa03.png,2,0.7063616
d7fc386c546f.png,0,0.98234046
494db7a542a8.png,0,0.69376075
fbb5cb3a2222.png,0,0.99994445
427110b0a05e.png,2,0.9754544
0d564d76c97c.png,2,0.7873414
c4cfcc09fdf1.png,3,0.6490067
857e2dafc6d0.png,2,0.89431864
6853d1c8546d.png,2,0.49897492
61ddbcedbc9e.png,0,0.9997322
db5d26026ed9.png,2,0.9005571
7b66133d42cf.png,2,0.84258026
b9d2e411d7a5.png,2,0.8206577
d995728f0e26.png,2,0.8839597
fb5b3c8d9cbb.png,0,0.9779021
c8a498c984f3.png,2,0.89309084
831826087154.png,2,0.70245683
e982c6b5b726.png,2,0.91078436
9006234e30cf.png,0,0.9941482
ccad8575f78c.png,2,0.90244246
f9642cf6a5bb.png,2,0.84538704
8bbef4ac9702.png,0,0.707316
ab6a3748da27.png,0,0.6738946
ad225d153500.png,0,0.50384396
7ac156fd3932.png,0,0.9792747
793ae37853b4.png,2,0.62813944
0268f4382c67.png,2,0.38406444
3a23f37fc79e.png,2,0.78059244
456c55e0d8f9.png,0,0.9626624
88fda3e06e05.png,2,0.8039695
779f70ddc126.png,2,0.5580942
1278c303e03e.png,2,0.45832518
8bdd3a1895c8.png,3,0.53496635
0737dfb0a164.png,2,0.8596237
f1541578ba01.png,0,0.99997777
b4aa74fa7811.png,0,0.90990525
009c019a7309.png,2,0.4601974
8e83a8ae27cf.png,2,0.5852464
4818612e32d1.png,2,0.61938274
b3aaa2cd3308.png,0,0.72013634
d5d1482f6b6b.png,2,0.8771526
507be4c76d8b.png,2,0.56306183
6b26135a16f1.png,2,0.5792731
2f5824d3365c.png,2,0.49495733
419bb68a1ee0.png,2,0.6787022
b0767b7577e4.png,2,0.6392196
978eaa69ae93.png,2,0.52921575
689d5626e98a.png,2,0.91120523
da4e9278ccfe.png,2,0.8179471
3a8bcee20143.png,3,0.55996674
6d41b03ce069.png,2,0.47325617
d463abce569a.png,0,0.89103806
ad24860aee94.png,2,0.92167187
ae3ab8ac036c.png,2,0.4872828
adb38b7630c7.png,2,0.54366267
256dbdb1821c.png,0,0.42019814
a766e99ac908.png,0,0.9425529
224681bb4b7d.png,2,0.85966444
40b4ece7bd32.png,0,0.7591983
fa988ad2271e.png,2,0.81504726
a99e7996c664.png,0,0.99927354
0a0780ad3395.png,2,0.7123487
2dec44360855.png,2,0.9457653
848091b1f5d0.png,2,0.7717977
0af338c60d2d.png,2,0.81712687
dfff4dd8e2a3.png,0,0.9991204
156350bc41c9.png,2,0.829772
0ad36156ad5d.png,2,0.60781085
a14c98b20437.png,2,0.67040676
5db032900d31.png,2,0.8994183
0eb6e41a8658.png,2,0.69330955
f7de9615aea3.png,1,0.71510476
e3e124e05aef.png,2,0.9396506
8939b6701f96.png,4,0.587148
57327f5c7d71.png,2,0.6555232
b5967c4f8545.png,0,0.92269737
447d8e8f446d.png,2,0.827051
2ace14876108.png,0,0.70523244
13065b0ff1e0.png,0,0.9121264
c7f4b034a731.png,0,0.43160665
9d9de8c9afb5.png,2,0.74971753
18e65ae600f3.png,0,0.99107945
8c6ccbe00895.png,4,0.52856666
b29bd35acaf6.png,1,0.4732703
fee5bd042c3b.png,1,0.5814333
36b9b2f23905.png,2,0.7388352
94a6e4f3c625.png,2,0.72940946
2427e06125ae.png,2,0.8350401
19fedfb6c8e1.png,1,0.780526
